reg;semaine;nb_crib;nb_pos;tx_crib;nb_A0;nb_A1;tx_A1;nb_B0;nb_B1;tx_B1;nb_C0;nb_C1;tx_C1
84;2021-05-31-2021-06-06;1498.00;6698.00;22.40;1231.00;56.00;4.40;109.00;3.00;2.70;228.00;13.00;5.40
84;2021-06-01-2021-06-07;1630.00;6069.00;26.90;1348.00;51.00;3.60;187.00;3.00;1.60;330.00;17.00;4.90
84;2021-06-02-2021-06-08;1712.00;5688.00;30.10;1443.00;59.00;3.90;251.00;5.00;2.00;400.00;22.00;5.20
84;2021-06-03-2021-06-09;1763.00;5266.00;33.50;1481.00;58.00;3.80;300.00;5.00;1.60;431.00;30.00;6.50
84;2021-06-04-2021-06-10;1795.00;4841.00;37.10;1496.00;64.00;4.10;348.00;5.00;1.40;462.00;33.00;6.70
84;2021-06-05-2021-06-11;1854.00;4402.00;42.10;1557.00;55.00;3.40;378.00;3.00;0.80;482.00;27.00;5.30
84;2021-06-06-2021-06-12;1903.00;4234.00;44.90;1587.00;58.00;3.50;406.00;3.00;0.70;501.00;30.00;5.60
84;2021-06-07-2021-06-13;1887.00;4175.00;45.20;1573.00;58.00;3.60;405.00;3.00;0.70;494.00;32.00;6.10
84;2021-06-08-2021-06-14;1841.00;3637.00;50.60;1505.00;69.00;4.40;552.00;7.00;1.30;602.00;58.00;8.80
84;2021-06-09-2021-06-15;1731.00;3194.00;54.20;1369.00;62.00;4.30;650.00;5.00;0.80;684.00;72.00;9.50
84;2021-06-10-2021-06-16;1661.00;2894.00;57.40;1295.00;64.00;4.70;747.00;6.00;0.80;766.00;82.00;9.70
84;2021-06-11-2021-06-17;1580.00;2669.00;59.20;1231.00;60.00;4.60;841.00;12.00;1.40;847.00;97.00;10.30
84;2021-06-12-2021-06-18;1501.00;2426.00;61.90;1153.00;57.00;4.70;926.00;14.00;1.50;926.00;108.00;10.40
84;2021-06-13-2021-06-19;1413.00;2262.00;62.50;1088.00;51.00;4.50;938.00;14.00;1.50;928.00;112.00;10.80
84;2021-06-14-2021-06-20;1404.00;2245.00;62.50;1080.00;51.00;4.50;934.00;14.00;1.50;920.00;114.00;11.00
84;2021-06-15-2021-06-21;1212.00;1999.00;60.60;929.00;31.00;3.20;882.00;11.00;1.20;853.00;112.00;11.60
84;2021-06-16-2021-06-22;1144.00;1920.00;59.60;877.00;30.00;3.30;840.00;11.00;1.30;789.00;122.00;13.40
84;2021-06-17-2021-06-23;1089.00;1796.00;60.60;836.00;27.00;3.10;808.00;10.00;1.20;732.00;132.00;15.30
84;2021-06-18-2021-06-24;1028.00;1686.00;61.00;786.00;25.00;3.10;770.00;3.00;0.40;667.00;147.00;18.10
84;2021-06-19-2021-06-25;969.00;1646.00;58.90;750.00;23.00;3.00;744.00;3.00;0.40;604.00;177.00;22.70
84;2021-06-20-2021-06-26;965.00;1627.00;59.30;740.00;27.00;3.50;743.00;3.00;0.40;591.00;184.00;23.70
84;2021-06-21-2021-06-27;969.00;1634.00;59.30;746.00;27.00;3.50;750.00;3.00;0.40;592.00;188.00;24.10
84;2021-06-22-2021-06-28;952.00;1580.00;60.30;738.00;26.00;3.40;750.00;3.00;0.40;533.00;236.00;30.70
84;2021-06-23-2021-06-29;979.00;1574.00;62.20;767.00;24.00;3.00;780.00;4.00;0.50;524.00;270.00;34.00
84;2021-06-24-2021-06-30;970.00;1588.00;61.10;766.00;27.00;3.40;787.00;4.00;0.50;479.00;318.00;39.90
84;2021-06-25-2021-07-01;996.00;1623.00;61.40;791.00;27.00;3.30;812.00;5.00;0.60;456.00;367.00;44.60
84;2021-06-26-2021-07-02;985.00;1598.00;61.60;787.00;34.00;4.10;817.00;3.00;0.40;427.00;396.00;48.10
84;2021-06-27-2021-07-03;989.00;1655.00;59.80;785.00;34.00;4.20;816.00;3.00;0.40;405.00;415.00;50.60
32;2021-05-31-2021-06-06;2363.00;6107.00;38.70;1965.00;226.00;10.30;1623.00;2.00;0.10;1656.00;5.00;0.30
32;2021-06-01-2021-06-07;2184.00;5389.00;40.50;1796.00;216.00;10.70;1372.00;1.00;0.10;1396.00;8.00;0.60
32;2021-06-02-2021-06-08;2059.00;4906.00;42.00;1694.00;203.00;10.70;1236.00;2.00;0.20;1255.00;15.00;1.20
32;2021-06-03-2021-06-09;1949.00;4385.00;44.40;1595.00;185.00;10.40;1111.00;1.00;0.10;1130.00;16.00;1.40
32;2021-06-04-2021-06-10;1773.00;3994.00;44.40;1421.00;185.00;11.50;1042.00;1.00;0.10;1063.00;19.00;1.80
32;2021-06-05-2021-06-11;1593.00;3636.00;43.80;1275.00;162.00;11.30;982.00;1.00;0.10;999.00;24.00;2.30
32;2021-06-06-2021-06-12;1449.00;3320.00;43.60;1158.00;150.00;11.50;919.00;1.00;0.10;931.00;26.00;2.70
32;2021-06-07-2021-06-13;1417.00;3257.00;43.50;1146.00;146.00;11.30;899.00;1.00;0.10;908.00;28.00;3.00
32;2021-06-08-2021-06-14;1246.00;2780.00;44.80;997.00;125.00;11.10;854.00;1.00;0.10;874.00;32.00;3.50
32;2021-06-09-2021-06-15;1167.00;2500.00;46.70;937.00;122.00;11.50;862.00;0.00;0.00;880.00;27.00;3.00
32;2021-06-10-2021-06-16;1109.00;2335.00;47.50;895.00;122.00;12.00;888.00;1.00;0.10;899.00;33.00;3.50
32;2021-06-11-2021-06-17;1055.00;2129.00;49.60;875.00;100.00;10.30;865.00;2.00;0.20;857.00;47.00;5.20
32;2021-06-12-2021-06-18;1009.00;1904.00;53.00;839.00;93.00;10.00;837.00;2.00;0.20;805.00;63.00;7.30
32;2021-06-13-2021-06-19;999.00;1833.00;54.50;824.00;95.00;10.30;845.00;2.00;0.20;794.00;77.00;8.80
32;2021-06-14-2021-06-20;981.00;1817.00;54.00;809.00;90.00;10.00;838.00;2.00;0.20;786.00;78.00;9.00
32;2021-06-15-2021-06-21;908.00;1649.00;55.10;751.00;83.00;10.00;791.00;4.00;0.50;704.00;97.00;12.10
32;2021-06-16-2021-06-22;882.00;1583.00;55.70;729.00;83.00;10.20;782.00;6.00;0.80;674.00;117.00;14.80
32;2021-06-17-2021-06-23;831.00;1490.00;55.80;677.00;74.00;9.90;727.00;5.00;0.70;598.00;139.00;18.90
32;2021-06-18-2021-06-24;812.00;1421.00;57.10;643.00;72.00;10.10;690.00;4.00;0.60;555.00;150.00;21.30
32;2021-06-19-2021-06-25;777.00;1339.00;58.00;607.00;60.00;9.00;646.00;7.00;1.10;508.00;163.00;24.30
32;2021-06-20-2021-06-26;735.00;1266.00;58.10;579.00;48.00;7.70;605.00;7.00;1.10;467.00;168.00;26.50
32;2021-06-21-2021-06-27;736.00;1262.00;58.30;579.00;48.00;7.70;605.00;7.00;1.10;466.00;170.00;26.70
32;2021-06-22-2021-06-28;742.00;1264.00;58.70;582.00;42.00;6.70;602.00;6.00;1.00;442.00;195.00;30.60
32;2021-06-23-2021-06-29;703.00;1207.00;58.20;553.00;28.00;4.80;561.00;6.00;1.10;393.00;208.00;34.60
32;2021-06-24-2021-06-30;719.00;1245.00;57.80;562.00;30.00;5.10;593.00;6.00;1.00;393.00;239.00;37.80
32;2021-06-25-2021-07-01;708.00;1231.00;57.50;568.00;31.00;5.20;606.00;6.00;1.00;384.00;254.00;39.80
32;2021-06-26-2021-07-02;680.00;1245.00;54.60;550.00;34.00;5.80;593.00;3.00;0.50;355.00;263.00;42.60
32;2021-06-27-2021-07-03;673.00;1287.00;52.30;546.00;33.00;5.70;590.00;3.00;0.50;338.00;273.00;44.70
93;2021-05-31-2021-06-06;1044.00;3890.00;26.80;889.00;88.00;9.00;258.00;1.00;0.40;267.00;23.00;7.90
93;2021-06-01-2021-06-07;977.00;3570.00;27.40;821.00;85.00;9.40;282.00;2.00;0.70;291.00;23.00;7.30
93;2021-06-02-2021-06-08;935.00;3323.00;28.10;778.00;82.00;9.50;282.00;4.00;1.40;293.00;21.00;6.70
93;2021-06-03-2021-06-09;896.00;3063.00;29.30;747.00;76.00;9.20;281.00;4.00;1.40;289.00;21.00;6.80
93;2021-06-04-2021-06-10;838.00;2810.00;29.80;693.00;66.00;8.70;279.00;4.00;1.40;293.00;21.00;6.70
93;2021-06-05-2021-06-11;782.00;2561.00;30.50;650.00;58.00;8.20;257.00;4.00;1.50;269.00;19.00;6.60
93;2021-06-06-2021-06-12;801.00;2472.00;32.40;663.00;60.00;8.30;271.00;4.00;1.50;287.00;21.00;6.80
93;2021-06-07-2021-06-13;803.00;2430.00;33.00;664.00;59.00;8.20;274.00;5.00;1.80;291.00;22.00;7.00
93;2021-06-08-2021-06-14;775.00;2110.00;36.70;636.00;59.00;8.50;308.00;8.00;2.50;324.00;26.00;7.40
93;2021-06-09-2021-06-15;762.00;1943.00;39.20;625.00;64.00;9.30;342.00;7.00;2.00;358.00;31.00;8.00
93;2021-06-10-2021-06-16;773.00;1791.00;43.20;639.00;56.00;8.10;414.00;8.00;1.90;427.00;34.00;7.40
93;2021-06-11-2021-06-17;778.00;1687.00;46.10;639.00;58.00;8.30;464.00;8.00;1.70;459.00;44.00;8.70
93;2021-06-12-2021-06-18;743.00;1529.00;48.60;580.00;59.00;9.20;489.00;8.00;1.60;484.00;45.00;8.50
93;2021-06-13-2021-06-19;698.00;1494.00;46.70;539.00;51.00;8.60;480.00;8.00;1.60;462.00;52.00;10.10
93;2021-06-14-2021-06-20;698.00;1484.00;47.00;539.00;51.00;8.60;482.00;8.00;1.60;458.00;56.00;10.90
93;2021-06-15-2021-06-21;644.00;1348.00;47.80;477.00;56.00;10.50;471.00;8.00;1.70;439.00;57.00;11.50
93;2021-06-16-2021-06-22;612.00;1255.00;48.80;443.00;47.00;9.60;460.00;7.00;1.50;416.00;64.00;13.30
93;2021-06-17-2021-06-23;554.00;1183.00;46.80;380.00;52.00;12.00;419.00;6.00;1.40;360.00;79.00;18.00
93;2021-06-18-2021-06-24;517.00;1095.00;47.20;352.00;48.00;12.00;386.00;7.00;1.80;316.00;88.00;21.80
93;2021-06-19-2021-06-25;503.00;1043.00;48.20;350.00;47.00;11.80;384.00;7.00;1.80;290.00;106.00;26.80
93;2021-06-20-2021-06-26;513.00;1007.00;50.90;358.00;51.00;12.50;397.00;7.00;1.70;300.00;112.00;27.20
93;2021-06-21-2021-06-27;512.00;1002.00;51.10;359.00;50.00;12.20;398.00;6.00;1.50;299.00;114.00;27.60
93;2021-06-22-2021-06-28;539.00;1046.00;51.50;391.00;36.00;8.40;424.00;3.00;0.70;268.00;176.00;39.60
93;2021-06-23-2021-06-29;575.00;1120.00;51.30;431.00;36.00;7.70;463.00;3.00;0.60;277.00;208.00;42.90
93;2021-06-24-2021-06-30;606.00;1238.00;48.90;459.00;31.00;6.30;486.00;3.00;0.60;262.00;244.00;48.20
93;2021-06-25-2021-07-01;623.00;1325.00;47.00;474.00;30.00;6.00;502.00;2.00;0.40;243.00;284.00;53.90
93;2021-06-26-2021-07-02;662.00;1500.00;44.10;514.00;29.00;5.30;541.00;2.00;0.40;228.00;347.00;60.30
93;2021-06-27-2021-07-03;658.00;1610.00;40.90;514.00;23.00;4.30;541.00;3.00;0.60;205.00;364.00;64.00
44;2021-05-31-2021-06-06;1938.00;4518.00;42.90;1491.00;140.00;8.60;220.00;1.00;0.50;93.00;2.00;2.10
44;2021-06-01-2021-06-07;2072.00;4137.00;50.10;1574.00;165.00;9.50;293.00;0.00;0.00;125.00;13.00;9.40
44;2021-06-02-2021-06-08;2139.00;3879.00;55.10;1619.00;171.00;9.60;328.00;0.00;0.00;168.00;22.00;11.60
44;2021-06-03-2021-06-09;2055.00;3571.00;57.50;1548.00;160.00;9.40;397.00;0.00;0.00;234.00;29.00;11.00
44;2021-06-04-2021-06-10;1928.00;3240.00;59.50;1430.00;152.00;9.60;450.00;1.00;0.20;292.00;32.00;9.90
44;2021-06-05-2021-06-11;1825.00;2892.00;63.10;1365.00;141.00;9.40;508.00;1.00;0.20;354.00;34.00;8.80
44;2021-06-06-2021-06-12;1721.00;2664.00;64.60;1290.00;127.00;9.00;532.00;1.00;0.20;377.00;42.00;10.00
44;2021-06-07-2021-06-13;1722.00;2655.00;64.90;1294.00;126.00;8.90;537.00;1.00;0.20;380.00;44.00;10.40
44;2021-06-08-2021-06-14;1516.00;2310.00;65.60;1133.00;97.00;7.90;617.00;1.00;0.20;483.00;52.00;9.70
44;2021-06-09-2021-06-15;1401.00;2154.00;65.00;1041.00;88.00;7.80;663.00;1.00;0.20;542.00;61.00;10.10
44;2021-06-10-2021-06-16;1258.00;1949.00;64.50;927.00;78.00;7.80;657.00;1.00;0.20;554.00;65.00;10.50
44;2021-06-11-2021-06-17;1146.00;1815.00;63.10;825.00;72.00;8.00;641.00;1.00;0.20;559.00;67.00;10.70
44;2021-06-12-2021-06-18;1055.00;1705.00;61.90;740.00;62.00;7.70;627.00;1.00;0.20;549.00;79.00;12.60
44;2021-06-13-2021-06-19;1015.00;1637.00;62.00;701.00;63.00;8.20;641.00;1.00;0.20;570.00;77.00;11.90
44;2021-06-14-2021-06-20;1004.00;1621.00;61.90;691.00;64.00;8.50;640.00;1.00;0.20;571.00;75.00;11.60
44;2021-06-15-2021-06-21;924.00;1445.00;63.90;623.00;64.00;9.30;592.00;2.00;0.30;519.00;79.00;13.20
44;2021-06-16-2021-06-22;832.00;1306.00;63.70;548.00;59.00;9.70;528.00;2.00;0.40;457.00;79.00;14.70
44;2021-06-17-2021-06-23;784.00;1224.00;64.10;524.00;55.00;9.50;504.00;2.00;0.40;425.00;86.00;16.80
44;2021-06-18-2021-06-24;743.00;1141.00;65.10;513.00;53.00;9.40;504.00;2.00;0.40;408.00;104.00;20.30
44;2021-06-19-2021-06-25;692.00;1055.00;65.60;477.00;53.00;10.00;493.00;3.00;0.60;389.00;112.00;22.40
44;2021-06-20-2021-06-26;656.00;1037.00;63.30;449.00;57.00;11.30;477.00;3.00;0.60;362.00;122.00;25.20
44;2021-06-21-2021-06-27;662.00;1035.00;64.00;446.00;59.00;11.70;476.00;3.00;0.60;359.00;124.00;25.70
44;2021-06-22-2021-06-28;643.00;1019.00;63.10;448.00;67.00;13.00;494.00;2.00;0.40;355.00;144.00;28.90
44;2021-06-23-2021-06-29;632.00;978.00;64.60;424.00;87.00;17.00;496.00;2.00;0.40;351.00;148.00;29.70
44;2021-06-24-2021-06-30;632.00;976.00;64.80;409.00;94.00;18.70;490.00;2.00;0.40;332.00;162.00;32.80
44;2021-06-25-2021-07-01;627.00;987.00;63.50;392.00;107.00;21.40;490.00;4.00;0.80;319.00;174.00;35.30
44;2021-06-26-2021-07-02;639.00;1012.00;63.10;394.00;127.00;24.40;512.00;3.00;0.60;323.00;192.00;37.30
44;2021-06-27-2021-07-03;635.00;1021.00;62.20;387.00;132.00;25.40;510.00;3.00;0.60;314.00;201.00;39.00
76;2021-05-31-2021-06-06;819.00;4832.00;16.90;583.00;71.00;10.90;61.00;0.00;0.00;64.00;2.00;3.00
76;2021-06-01-2021-06-07;925.00;4426.00;20.90;570.00;157.00;21.60;87.00;0.00;0.00;92.00;3.00;3.20
76;2021-06-02-2021-06-08;966.00;3995.00;24.20;539.00;210.00;28.00;99.00;1.00;1.00;104.00;5.00;4.60
76;2021-06-03-2021-06-09;960.00;3518.00;27.30;480.00;245.00;33.80;107.00;1.00;0.90;112.00;7.00;5.90
76;2021-06-04-2021-06-10;917.00;3185.00;28.80;451.00;240.00;34.70;156.00;1.00;0.60;160.00;8.00;4.80
76;2021-06-05-2021-06-11;954.00;2924.00;32.60;463.00;248.00;34.90;212.00;1.00;0.50;219.00;8.00;3.50
76;2021-06-06-2021-06-12;959.00;2748.00;34.90;477.00;237.00;33.20;264.00;1.00;0.40;271.00;8.00;2.90
76;2021-06-07-2021-06-13;952.00;2713.00;35.10;471.00;232.00;33.00;278.00;1.00;0.40;283.00;10.00;3.40
76;2021-06-08-2021-06-14;940.00;2367.00;39.70;552.00;154.00;21.80;445.00;3.00;0.70;445.00;16.00;3.50
76;2021-06-09-2021-06-15;968.00;2205.00;43.90;630.00;119.00;15.90;594.00;4.00;0.70;586.00;18.00;3.00
76;2021-06-10-2021-06-16;985.00;2053.00;48.00;692.00;91.00;11.60;706.00;8.00;1.10;694.00;22.00;3.10
76;2021-06-11-2021-06-17;1073.00;1923.00;55.80;760.00;105.00;12.10;809.00;10.00;1.20;794.00;27.00;3.30
76;2021-06-12-2021-06-18;1124.00;1801.00;62.40;805.00;104.00;11.40;885.00;11.00;1.20;855.00;41.00;4.60
76;2021-06-13-2021-06-19;1132.00;1773.00;63.80;810.00;95.00;10.50;889.00;11.00;1.20;856.00;45.00;5.00
76;2021-06-14-2021-06-20;1125.00;1762.00;63.80;809.00;94.00;10.40;887.00;11.00;1.20;854.00;45.00;5.00
76;2021-06-15-2021-06-21;1013.00;1611.00;62.90;720.00;87.00;10.80;797.00;10.00;1.20;746.00;60.00;7.40
76;2021-06-16-2021-06-22;914.00;1486.00;61.50;644.00;76.00;10.60;710.00;10.00;1.40;658.00;67.00;9.20
76;2021-06-17-2021-06-23;848.00;1401.00;60.50;584.00;68.00;10.40;646.00;6.00;0.90;593.00;67.00;10.20
76;2021-06-18-2021-06-24;799.00;1339.00;59.70;554.00;59.00;9.60;606.00;7.00;1.10;539.00;81.00;13.10
76;2021-06-19-2021-06-25;718.00;1240.00;57.90;500.00;53.00;9.60;546.00;8.00;1.40;484.00;80.00;14.20
76;2021-06-20-2021-06-26;692.00;1180.00;58.60;477.00;52.00;9.80;521.00;9.00;1.70;460.00;79.00;14.70
76;2021-06-21-2021-06-27;691.00;1176.00;58.80;480.00;53.00;9.90;525.00;9.00;1.70;463.00;79.00;14.60
76;2021-06-22-2021-06-28;693.00;1193.00;58.10;490.00;57.00;10.40;539.00;9.00;1.60;474.00;84.00;15.10
76;2021-06-23-2021-06-29;724.00;1239.00;58.40;522.00;51.00;8.90;566.00;8.00;1.40;481.00;104.00;17.80
76;2021-06-24-2021-06-30;814.00;1350.00;60.30;596.00;54.00;8.30;643.00;8.00;1.20;509.00;152.00;23.00
76;2021-06-25-2021-07-01;812.00;1410.00;57.60;601.00;56.00;8.50;652.00;6.00;0.90;477.00;192.00;28.70
76;2021-06-26-2021-07-02;856.00;1530.00;55.90;641.00;54.00;7.80;690.00;4.00;0.60;468.00;233.00;33.20
76;2021-06-27-2021-07-03;888.00;1660.00;53.50;687.00;55.00;7.40;737.00;4.00;0.50;465.00;284.00;37.90
28;2021-05-31-2021-06-06;1093.00;3002.00;36.40;799.00;179.00;18.30;590.00;4.00;0.70;639.00;5.00;0.80
28;2021-06-01-2021-06-07;1063.00;2659.00;40.00;775.00;175.00;18.40;611.00;3.00;0.50;665.00;4.00;0.60
28;2021-06-02-2021-06-08;1029.00;2471.00;41.60;731.00;185.00;20.20;614.00;0.00;0.00;675.00;5.00;0.70
28;2021-06-03-2021-06-09;1013.00;2275.00;44.50;730.00;172.00;19.10;652.00;1.00;0.20;706.00;14.00;1.90
28;2021-06-04-2021-06-10;982.00;2067.00;47.50;692.00;174.00;20.10;652.00;2.00;0.30;711.00;15.00;2.10
28;2021-06-05-2021-06-11;922.00;1856.00;49.70;641.00;172.00;21.20;637.00;2.00;0.30;693.00;17.00;2.40
28;2021-06-06-2021-06-12;913.00;1764.00;51.80;639.00;165.00;20.50;649.00;2.00;0.30;700.00;17.00;2.40
28;2021-06-07-2021-06-13;901.00;1724.00;52.30;631.00;161.00;20.30;645.00;2.00;0.30;697.00;18.00;2.50
28;2021-06-08-2021-06-14;792.00;1485.00;53.30;539.00;141.00;20.70;574.00;2.00;0.30;613.00;22.00;3.50
28;2021-06-09-2021-06-15;714.00;1335.00;53.50;486.00;125.00;20.50;518.00;2.00;0.40;545.00;26.00;4.60
28;2021-06-10-2021-06-16;638.00;1204.00;53.00;429.00;111.00;20.60;461.00;2.00;0.40;487.00;21.00;4.10
28;2021-06-11-2021-06-17;602.00;1139.00;52.90;416.00;102.00;19.70;453.00;1.00;0.20;461.00;28.00;5.70
28;2021-06-12-2021-06-18;580.00;1087.00;53.40;408.00;86.00;17.40;440.00;1.00;0.20;442.00;29.00;6.20
28;2021-06-13-2021-06-19;553.00;1007.00;54.90;395.00;76.00;16.10;419.00;2.00;0.50;421.00;30.00;6.70
28;2021-06-14-2021-06-20;551.00;1012.00;54.40;393.00;76.00;16.20;420.00;2.00;0.50;424.00;28.00;6.20
28;2021-06-15-2021-06-21;482.00;906.00;53.20;354.00;61.00;14.70;376.00;2.00;0.50;375.00;33.00;8.10
28;2021-06-16-2021-06-22;445.00;838.00;53.10;341.00;45.00;11.70;354.00;3.00;0.80;347.00;33.00;8.70
28;2021-06-17-2021-06-23;415.00;811.00;51.20;322.00;39.00;10.80;341.00;2.00;0.60;328.00;36.00;9.90
28;2021-06-18-2021-06-24;372.00;737.00;50.50;278.00;34.00;10.90;297.00;2.00;0.70;291.00;33.00;10.20
28;2021-06-19-2021-06-25;326.00;653.00;49.90;238.00;32.00;11.90;258.00;2.00;0.80;244.00;37.00;13.20
28;2021-06-20-2021-06-26;320.00;650.00;49.20;230.00;35.00;13.20;259.00;1.00;0.40;242.00;40.00;14.20
28;2021-06-21-2021-06-27;319.00;642.00;49.70;231.00;36.00;13.50;261.00;1.00;0.40;240.00;42.00;14.90
28;2021-06-22-2021-06-28;321.00;683.00;47.00;230.00;37.00;13.90;259.00;1.00;0.40;212.00;70.00;24.80
28;2021-06-23-2021-06-29;317.00;691.00;45.90;227.00;39.00;14.70;262.00;0.00;0.00;192.00;91.00;32.20
28;2021-06-24-2021-06-30;332.00;729.00;45.50;245.00;36.00;12.80;277.00;0.00;0.00;181.00;119.00;39.70
28;2021-06-25-2021-07-01;333.00;751.00;44.30;256.00;31.00;10.80;281.00;2.00;0.70;167.00;137.00;45.10
28;2021-06-26-2021-07-02;301.00;770.00;39.10;236.00;30.00;11.30;260.00;2.00;0.80;142.00;136.00;48.90
28;2021-06-27-2021-07-03;281.00;797.00;35.30;224.00;25.00;10.00;243.00;2.00;0.80;122.00;137.00;52.90
75;2021-05-31-2021-06-06;648.00;3983.00;16.30;534.00;36.00;6.30;175.00;6.00;3.30;73.00;9.00;11.00
75;2021-06-01-2021-06-07;689.00;3658.00;18.80;570.00;42.00;6.90;245.00;9.00;3.50;148.00;20.00;11.90
75;2021-06-02-2021-06-08;744.00;3427.00;21.70;614.00;54.00;8.10;307.00;12.00;3.80;228.00;25.00;9.90
75;2021-06-03-2021-06-09;760.00;3187.00;23.80;632.00;54.00;7.90;348.00;14.00;3.90;274.00;30.00;9.90
75;2021-06-04-2021-06-10;767.00;2934.00;26.10;646.00;56.00;8.00;390.00;17.00;4.20;324.00;30.00;8.50
75;2021-06-05-2021-06-11;803.00;2684.00;29.90;676.00;61.00;8.30;444.00;19.00;4.10;387.00;30.00;7.20
75;2021-06-06-2021-06-12;818.00;2559.00;32.00;703.00;58.00;7.60;490.00;18.00;3.50;426.00;46.00;9.70
75;2021-06-07-2021-06-13;817.00;2545.00;32.10;702.00;57.00;7.50;486.00;21.00;4.10;425.00;46.00;9.80
75;2021-06-08-2021-06-14;902.00;2297.00;39.30;795.00;50.00;5.90;611.00;21.00;3.30;541.00;76.00;12.30
75;2021-06-09-2021-06-15;929.00;2110.00;44.00;828.00;46.00;5.30;700.00;22.00;3.00;610.00;104.00;14.60
75;2021-06-10-2021-06-16;987.00;1961.00;50.30;881.00;51.00;5.50;786.00;25.00;3.10;678.00;128.00;15.90
75;2021-06-11-2021-06-17;1065.00;1830.00;58.20;939.00;59.00;5.90;877.00;23.00;2.60;746.00;156.00;17.30
75;2021-06-12-2021-06-18;1139.00;1746.00;65.20;1003.00;61.00;5.70;971.00;23.00;2.30;779.00;223.00;22.30
75;2021-06-13-2021-06-19;1111.00;1658.00;67.00;965.00;67.00;6.50;957.00;21.00;2.10;770.00;216.00;21.90
75;2021-06-14-2021-06-20;1108.00;1649.00;67.20;962.00;67.00;6.50;957.00;19.00;1.90;767.00;217.00;22.10
75;2021-06-15-2021-06-21;995.00;1503.00;66.20;844.00;70.00;7.70;854.00;20.00;2.30;662.00;220.00;24.90
75;2021-06-16-2021-06-22;903.00;1410.00;64.00;749.00;66.00;8.10;766.00;18.00;2.30;588.00;202.00;25.60
75;2021-06-17-2021-06-23;875.00;1369.00;63.90;713.00;70.00;8.90;736.00;14.00;1.90;535.00;222.00;29.30
75;2021-06-18-2021-06-24;821.00;1328.00;61.80;670.00;60.00;8.20;691.00;14.00;2.00;473.00;240.00;33.70
75;2021-06-19-2021-06-25;728.00;1226.00;59.40;593.00;53.00;8.20;611.00;11.00;1.80;418.00;209.00;33.30
75;2021-06-20-2021-06-26;728.00;1210.00;60.20;601.00;46.00;7.10;615.00;10.00;1.60;411.00;219.00;34.80
75;2021-06-21-2021-06-27;725.00;1209.00;60.00;600.00;46.00;7.10;616.00;8.00;1.30;409.00;219.00;34.90
75;2021-06-22-2021-06-28;776.00;1283.00;60.50;650.00;50.00;7.10;675.00;7.00;1.00;413.00;272.00;39.70
75;2021-06-23-2021-06-29;801.00;1295.00;61.90;681.00;53.00;7.20;712.00;7.00;1.00;402.00;320.00;44.30
75;2021-06-24-2021-06-30;840.00;1393.00;60.30;730.00;47.00;6.00;763.00;9.00;1.20;412.00;362.00;46.80
75;2021-06-25-2021-07-01;859.00;1448.00;59.30;754.00;45.00;5.60;767.00;27.00;3.40;404.00;393.00;49.30
75;2021-06-26-2021-07-02;877.00;1550.00;56.60;774.00;43.00;5.30;790.00;27.00;3.30;395.00;425.00;51.80
75;2021-06-27-2021-07-03;859.00;1602.00;53.60;752.00;48.00;6.00;772.00;28.00;3.50;381.00;422.00;52.60
24;2021-05-31-2021-06-06;633.00;2206.00;28.70;440.00;107.00;19.60;118.00;0.00;0.00;132.00;2.00;1.50
24;2021-06-01-2021-06-07;610.00;1993.00;30.60;424.00;111.00;20.70;105.00;0.00;0.00;120.00;3.00;2.40
24;2021-06-02-2021-06-08;585.00;1862.00;31.40;388.00;110.00;22.10;112.00;1.00;0.90;136.00;5.00;3.50
24;2021-06-03-2021-06-09;509.00;1647.00;30.90;339.00;91.00;21.20;116.00;1.00;0.90;136.00;6.00;4.20
24;2021-06-04-2021-06-10;445.00;1487.00;29.90;293.00;81.00;21.70;118.00;2.00;1.70;134.00;10.00;6.90
24;2021-06-05-2021-06-11;385.00;1342.00;28.70;255.00;59.00;18.80;113.00;2.00;1.70;129.00;10.00;7.20
24;2021-06-06-2021-06-12;372.00;1254.00;29.70;244.00;55.00;18.40;125.00;2.00;1.60;137.00;12.00;8.10
24;2021-06-07-2021-06-13;354.00;1237.00;28.60;229.00;55.00;19.40;126.00;2.00;1.60;139.00;12.00;7.90
24;2021-06-08-2021-06-14;302.00;1040.00;29.00;199.00;34.00;14.60;142.00;2.00;1.40;156.00;11.00;6.60
24;2021-06-09-2021-06-15;264.00;880.00;30.00;180.00;20.00;10.00;137.00;1.00;0.70;146.00;10.00;6.40
24;2021-06-10-2021-06-16;272.00;791.00;34.40;178.00;16.00;8.20;139.00;1.00;0.70;148.00;9.00;5.70
24;2021-06-11-2021-06-17;305.00;738.00;41.30;202.00;15.00;6.90;164.00;3.00;1.80;177.00;12.00;6.30
24;2021-06-12-2021-06-18;326.00;644.00;50.60;222.00;12.00;5.10;187.00;3.00;1.60;199.00;12.00;5.70
24;2021-06-13-2021-06-19;324.00;608.00;53.30;219.00;11.00;4.80;181.00;3.00;1.60;196.00;13.00;6.20
24;2021-06-14-2021-06-20;328.00;603.00;54.40;224.00;11.00;4.70;183.00;3.00;1.60;197.00;13.00;6.20
24;2021-06-15-2021-06-21;336.00;556.00;60.40;237.00;12.00;4.80;205.00;3.00;1.40;206.00;20.00;8.80
24;2021-06-16-2021-06-22;338.00;546.00;61.90;237.00;16.00;6.30;208.00;3.00;1.40;202.00;24.00;10.60
24;2021-06-17-2021-06-23;337.00;551.00;61.20;240.00;18.00;7.00;220.00;4.00;1.80;215.00;28.00;11.50
24;2021-06-18-2021-06-24;301.00;510.00;59.00;218.00;14.00;6.00;204.00;1.00;0.50;191.00;29.00;13.20
24;2021-06-19-2021-06-25;267.00;469.00;56.90;191.00;12.00;5.90;185.00;1.00;0.50;164.00;36.00;18.00
24;2021-06-20-2021-06-26;254.00;459.00;55.30;185.00;10.00;5.10;183.00;1.00;0.50;159.00;36.00;18.50
24;2021-06-21-2021-06-27;252.00;459.00;54.90;182.00;11.00;5.70;183.00;1.00;0.50;160.00;36.00;18.40
24;2021-06-22-2021-06-28;249.00;464.00;53.70;180.00;11.00;5.80;175.00;1.00;0.60;133.00;58.00;30.40
24;2021-06-23-2021-06-29;238.00;466.00;51.10;180.00;7.00;3.70;177.00;1.00;0.60;129.00;60.00;31.70
24;2021-06-24-2021-06-30;240.00;475.00;50.50;187.00;6.00;3.10;181.00;0.00;0.00;124.00;66.00;34.70
24;2021-06-25-2021-07-01;246.00;479.00;51.40;195.00;7.00;3.50;191.00;0.00;0.00;130.00;71.00;35.30
24;2021-06-26-2021-07-02;251.00;513.00;48.90;196.00;14.00;6.70;197.00;0.00;0.00;132.00;75.00;36.20
24;2021-06-27-2021-07-03;236.00;512.00;46.10;187.00;14.00;7.00;187.00;0.00;0.00;123.00;74.00;37.60
94;2021-05-31-2021-06-06;37.00;96.00;38.50;11.00;24.00;68.60;8.00;0.00;0.00;8.00;0.00;0.00
94;2021-06-01-2021-06-07;36.00;96.00;37.50;16.00;18.00;52.90;12.00;0.00;0.00;12.00;0.00;0.00
94;2021-06-02-2021-06-08;29.00;94.00;30.90;14.00;13.00;48.10;12.00;0.00;0.00;12.00;0.00;0.00
94;2021-06-03-2021-06-09;25.00;82.00;30.50;14.00;10.00;41.70;15.00;0.00;0.00;15.00;0.00;0.00
94;2021-06-04-2021-06-10;20.00;77.00;26.00;15.00;5.00;25.00;17.00;0.00;0.00;17.00;0.00;0.00
94;2021-06-05-2021-06-11;18.00;71.00;25.40;14.00;3.00;17.60;15.00;0.00;0.00;15.00;0.00;0.00
94;2021-06-06-2021-06-12;18.00;67.00;26.90;15.00;2.00;11.80;15.00;0.00;0.00;15.00;0.00;0.00
94;2021-06-07-2021-06-13;18.00;66.00;27.30;15.00;2.00;11.80;15.00;0.00;0.00;15.00;0.00;0.00
94;2021-06-08-2021-06-14;18.00;53.00;34.00;15.00;1.00;6.20;16.00;0.00;0.00;16.00;0.00;0.00
94;2021-06-09-2021-06-15;22.00;52.00;42.30;18.00;1.00;5.30;19.00;0.00;0.00;19.00;0.00;0.00
94;2021-06-10-2021-06-16;20.00;54.00;37.00;17.00;0.00;0.00;17.00;0.00;0.00;17.00;0.00;0.00
94;2021-06-11-2021-06-17;20.00;49.00;40.80;17.00;0.00;0.00;17.00;0.00;0.00;17.00;0.00;0.00
94;2021-06-12-2021-06-18;19.00;46.00;41.30;17.00;0.00;0.00;17.00;0.00;0.00;16.00;1.00;5.90
94;2021-06-13-2021-06-19;18.00;42.00;42.90;16.00;0.00;0.00;16.00;0.00;0.00;15.00;1.00;6.20
94;2021-06-14-2021-06-20;18.00;43.00;41.90;16.00;0.00;0.00;16.00;0.00;0.00;15.00;1.00;6.20
94;2021-06-15-2021-06-21;14.00;40.00;35.00;11.00;2.00;15.40;13.00;0.00;0.00;12.00;1.00;7.70
94;2021-06-16-2021-06-22;10.00;31.00;32.30;8.00;2.00;20.00;10.00;0.00;0.00;9.00;1.00;10.00
94;2021-06-17-2021-06-23;12.00;29.00;41.40;10.00;2.00;16.70;12.00;0.00;0.00;10.00;2.00;16.70
94;2021-06-18-2021-06-24;11.00;30.00;36.70;8.00;2.00;20.00;10.00;0.00;0.00;8.00;2.00;20.00
94;2021-06-19-2021-06-25;8.00;24.00;33.30;5.00;2.00;28.60;7.00;0.00;0.00;6.00;1.00;14.30
94;2021-06-20-2021-06-26;6.00;21.00;28.60;3.00;2.00;40.00;5.00;0.00;0.00;4.00;1.00;20.00
94;2021-06-21-2021-06-27;6.00;20.00;30.00;3.00;2.00;40.00;5.00;0.00;0.00;4.00;1.00;20.00
94;2021-06-22-2021-06-28;7.00;14.00;50.00;5.00;0.00;0.00;3.00;0.00;0.00;4.00;1.00;20.00
94;2021-06-23-2021-06-29;10.00;18.00;55.60;8.00;0.00;0.00;6.00;0.00;0.00;6.00;2.00;25.00
94;2021-06-24-2021-06-30;9.00;14.00;64.30;7.00;0.00;0.00;5.00;0.00;0.00;4.00;3.00;42.90
94;2021-06-25-2021-07-01;10.00;18.00;55.60;8.00;0.00;0.00;6.00;0.00;0.00;4.00;5.00;55.60
94;2021-06-26-2021-07-02;10.00;25.00;40.00;8.00;0.00;0.00;6.00;0.00;0.00;4.00;5.00;55.60
94;2021-06-27-2021-07-03;10.00;31.00;32.30;8.00;0.00;0.00;6.00;0.00;0.00;4.00;5.00;55.60
27;2021-05-31-2021-06-06;1215.00;2596.00;46.80;910.00;130.00;12.50;624.00;0.00;0.00;159.00;4.00;2.50
27;2021-06-01-2021-06-07;1113.00;2313.00;48.10;848.00;124.00;12.80;574.00;0.00;0.00;150.00;4.00;2.60
27;2021-06-02-2021-06-08;1037.00;2133.00;48.60;781.00;113.00;12.60;527.00;0.00;0.00;162.00;2.00;1.20
27;2021-06-03-2021-06-09;973.00;1924.00;50.60;715.00;117.00;14.10;492.00;2.00;0.40;170.00;6.00;3.40
27;2021-06-04-2021-06-10;949.00;1777.00;53.40;689.00;123.00;15.10;469.00;2.00;0.40;170.00;7.00;4.00
27;2021-06-05-2021-06-11;915.00;1625.00;56.30;659.00;123.00;15.70;437.00;3.00;0.70;163.00;6.00;3.60
27;2021-06-06-2021-06-12;874.00;1511.00;57.80;639.00;109.00;14.60;431.00;3.00;0.70;168.00;6.00;3.40
27;2021-06-07-2021-06-13;858.00;1489.00;57.60;623.00;107.00;14.70;422.00;3.00;0.70;160.00;6.00;3.60
27;2021-06-08-2021-06-14;755.00;1270.00;59.40;550.00;90.00;14.10;391.00;4.00;1.00;202.00;10.00;4.70
27;2021-06-09-2021-06-15;703.00;1122.00;62.70;515.00;82.00;13.70;384.00;4.00;1.00;224.00;15.00;6.30
27;2021-06-10-2021-06-16;637.00;992.00;64.20;479.00;64.00;11.80;355.00;2.00;0.60;234.00;12.00;4.90
27;2021-06-11-2021-06-17;545.00;831.00;65.60;411.00;52.00;11.20;322.00;2.00;0.60;246.00;15.00;5.70
27;2021-06-12-2021-06-18;477.00;714.00;66.80;360.00;41.00;10.20;305.00;1.00;0.30;260.00;20.00;7.10
27;2021-06-13-2021-06-19;447.00;671.00;66.60;334.00;39.00;10.50;284.00;1.00;0.40;267.00;21.00;7.30
27;2021-06-14-2021-06-20;445.00;673.00;66.10;335.00;39.00;10.40;288.00;1.00;0.30;271.00;21.00;7.20
27;2021-06-15-2021-06-21;393.00;596.00;65.90;300.00;33.00;9.90;264.00;0.00;0.00;245.00;22.00;8.20
27;2021-06-16-2021-06-22;350.00;550.00;63.60;261.00;27.00;9.40;237.00;0.00;0.00;216.00;22.00;9.20
27;2021-06-17-2021-06-23;325.00;516.00;63.00;230.00;29.00;11.20;229.00;0.00;0.00;207.00;24.00;10.40
27;2021-06-18-2021-06-24;317.00;500.00;63.40;223.00;24.00;9.70;224.00;0.00;0.00;197.00;30.00;13.20
27;2021-06-19-2021-06-25;298.00;490.00;60.80;216.00;19.00;8.10;223.00;0.00;0.00;188.00;37.00;16.40
27;2021-06-20-2021-06-26;292.00;475.00;61.50;205.00;21.00;9.30;222.00;0.00;0.00;176.00;48.00;21.40
27;2021-06-21-2021-06-27;292.00;461.00;63.30;206.00;21.00;9.30;222.00;1.00;0.40;174.00;51.00;22.70
27;2021-06-22-2021-06-28;274.00;439.00;62.40;189.00;20.00;9.60;206.00;1.00;0.50;143.00;65.00;31.20
27;2021-06-23-2021-06-29;257.00;419.00;61.30;186.00;16.00;7.90;201.00;1.00;0.50;138.00;66.00;32.40
27;2021-06-24-2021-06-30;253.00;408.00;62.00;193.00;11.00;5.40;204.00;1.00;0.50;123.00;80.00;39.40
27;2021-06-25-2021-07-01;247.00;407.00;60.70;190.00;10.00;5.00;199.00;1.00;0.50;113.00;85.00;42.90
27;2021-06-26-2021-07-02;228.00;412.00;55.30;170.00;13.00;7.10;182.00;1.00;0.50;96.00;85.00;47.00
27;2021-06-27-2021-07-03;216.00;411.00;52.60;163.00;12.00;6.90;174.00;1.00;0.60;92.00;81.00;46.80
53;2021-05-31-2021-06-06;955.00;2199.00;43.40;788.00;63.00;7.40;241.00;0.00;0.00;240.00;0.00;0.00
53;2021-06-01-2021-06-07;901.00;2054.00;43.90;730.00;70.00;8.80;296.00;0.00;0.00;296.00;0.00;0.00
53;2021-06-02-2021-06-08;862.00;1930.00;44.70;699.00;67.00;8.70;335.00;0.00;0.00;335.00;0.00;0.00
53;2021-06-03-2021-06-09;833.00;1777.00;46.90;667.00;72.00;9.70;376.00;0.00;0.00;377.00;1.00;0.30
53;2021-06-04-2021-06-10;777.00;1590.00;48.90;621.00;68.00;9.90;403.00;0.00;0.00;404.00;2.00;0.50
53;2021-06-05-2021-06-11;768.00;1483.00;51.80;616.00;59.00;8.70;404.00;0.00;0.00;409.00;2.00;0.50
53;2021-06-06-2021-06-12;766.00;1410.00;54.30;615.00;54.00;8.10;420.00;0.00;0.00;426.00;2.00;0.50
53;2021-06-07-2021-06-13;767.00;1403.00;54.70;616.00;52.00;7.80;420.00;0.00;0.00;426.00;2.00;0.50
53;2021-06-08-2021-06-14;725.00;1215.00;59.70;569.00;53.00;8.50;403.00;0.00;0.00;407.00;4.00;1.00
53;2021-06-09-2021-06-15;674.00;1094.00;61.60;524.00;54.00;9.30;391.00;1.00;0.30;397.00;6.00;1.50
53;2021-06-10-2021-06-16;606.00;979.00;61.90;475.00;41.00;7.90;378.00;2.00;0.50;383.00;6.00;1.50
53;2021-06-11-2021-06-17;549.00;883.00;62.20;423.00;38.00;8.20;361.00;2.00;0.60;369.00;5.00;1.30
53;2021-06-12-2021-06-18;487.00;789.00;61.70;370.00;37.00;9.10;346.00;2.00;0.60;351.00;6.00;1.70
53;2021-06-13-2021-06-19;447.00;737.00;60.70;336.00;36.00;9.70;323.00;2.00;0.60;329.00;7.00;2.10
53;2021-06-14-2021-06-20;436.00;722.00;60.40;327.00;35.00;9.70;320.00;2.00;0.60;325.00;8.00;2.40
53;2021-06-15-2021-06-21;420.00;713.00;58.90;332.00;21.00;5.90;320.00;3.00;0.90;324.00;11.00;3.30
53;2021-06-16-2021-06-22;420.00;700.00;60.00;335.00;13.00;3.70;332.00;2.00;0.60;322.00;20.00;5.80
53;2021-06-17-2021-06-23;417.00;692.00;60.30;329.00;13.00;3.80;333.00;2.00;0.60;318.00;27.00;7.80
53;2021-06-18-2021-06-24;405.00;671.00;60.40;320.00;11.00;3.30;322.00;4.00;1.20;299.00;36.00;10.70
53;2021-06-19-2021-06-25;387.00;643.00;60.20;295.00;8.00;2.60;296.00;4.00;1.30;269.00;41.00;13.20
53;2021-06-20-2021-06-26;393.00;643.00;61.10;299.00;5.00;1.60;296.00;5.00;1.70;260.00;51.00;16.40
53;2021-06-21-2021-06-27;406.00;662.00;61.30;311.00;5.00;1.60;309.00;5.00;1.60;269.00;56.00;17.20
53;2021-06-22-2021-06-28;397.00;650.00;61.10;303.00;5.00;1.60;303.00;5.00;1.60;253.00;66.00;20.70
53;2021-06-23-2021-06-29;384.00;637.00;60.30;294.00;10.00;3.30;298.00;6.00;2.00;243.00;71.00;22.60
53;2021-06-24-2021-06-30;404.00;697.00;58.00;307.00;18.00;5.50;314.00;10.00;3.10;249.00;84.00;25.20
53;2021-06-25-2021-07-01;431.00;757.00;56.90;331.00;24.00;6.80;342.00;11.00;3.10;243.00;119.00;32.90
53;2021-06-26-2021-07-02;408.00;791.00;51.60;324.00;25.00;7.20;334.00;13.00;3.70;226.00;126.00;35.80
53;2021-06-27-2021-07-03;377.00;843.00;44.70;308.00;28.00;8.30;319.00;15.00;4.50;213.00;123.00;36.60
52;2021-05-31-2021-06-06;837.00;2983.00;28.10;687.00;77.00;10.10;105.00;2.00;1.90;109.00;2.00;1.80
52;2021-06-01-2021-06-07;717.00;2609.00;27.50;593.00;67.00;10.20;109.00;2.00;1.80;113.00;3.00;2.60
52;2021-06-02-2021-06-08;699.00;2416.00;28.90;578.00;64.00;10.00;130.00;3.00;2.30;135.00;2.00;1.50
52;2021-06-03-2021-06-09;718.00;2186.00;32.80;590.00;69.00;10.50;140.00;4.00;2.80;142.00;6.00;4.10
52;2021-06-04-2021-06-10;750.00;1960.00;38.30;598.00;74.00;11.00;191.00;5.00;2.60;193.00;6.00;3.00
52;2021-06-05-2021-06-11;794.00;1741.00;45.60;607.00;88.00;12.70;210.00;5.00;2.30;211.00;7.00;3.20
52;2021-06-06-2021-06-12;818.00;1592.00;51.40;612.00;88.00;12.60;212.00;4.00;1.90;211.00;8.00;3.70
52;2021-06-07-2021-06-13;837.00;1552.00;53.90;627.00;87.00;12.20;217.00;4.00;1.80;216.00;8.00;3.60
52;2021-06-08-2021-06-14;828.00;1338.00;61.90;613.00;85.00;12.20;249.00;6.00;2.40;250.00;9.00;3.50
52;2021-06-09-2021-06-15;770.00;1162.00;66.30;570.00;79.00;12.20;262.00;7.00;2.60;262.00;10.00;3.70
52;2021-06-10-2021-06-16;726.00;1043.00;69.60;537.00;72.00;11.80;299.00;7.00;2.30;302.00;6.00;1.90
52;2021-06-11-2021-06-17;647.00;924.00;70.00;483.00;63.00;11.50;310.00;8.00;2.50;307.00;13.00;4.10
52;2021-06-12-2021-06-18;555.00;801.00;69.30;420.00;41.00;8.90;318.00;8.00;2.50;312.00;14.00;4.30
52;2021-06-13-2021-06-19;527.00;760.00;69.30;403.00;40.00;9.00;337.00;8.00;2.30;330.00;15.00;4.30
52;2021-06-14-2021-06-20;519.00;741.00;70.00;398.00;39.00;8.90;342.00;8.00;2.30;333.00;17.00;4.90
52;2021-06-15-2021-06-21;461.00;656.00;70.30;355.00;31.00;8.00;322.00;7.00;2.10;313.00;17.00;5.20
52;2021-06-16-2021-06-22;442.00;623.00;70.90;336.00;28.00;7.70;327.00;4.00;1.20;310.00;22.00;6.60
52;2021-06-17-2021-06-23;402.00;569.00;70.70;301.00;21.00;6.50;315.00;4.00;1.30;293.00;29.00;9.00
52;2021-06-18-2021-06-24;378.00;521.00;72.60;281.00;19.00;6.30;295.00;2.00;0.70;276.00;24.00;8.00
52;2021-06-19-2021-06-25;357.00;480.00;74.40;261.00;22.00;7.80;277.00;3.00;1.10;253.00;30.00;10.60
52;2021-06-20-2021-06-26;344.00;472.00;72.90;251.00;21.00;7.70;268.00;3.00;1.10;235.00;38.00;13.90
52;2021-06-21-2021-06-27;346.00;475.00;72.80;248.00;22.00;8.10;266.00;3.00;1.10;232.00;39.00;14.40
52;2021-06-22-2021-06-28;369.00;498.00;74.10;266.00;23.00;8.00;287.00;2.00;0.70;228.00;61.00;21.10
52;2021-06-23-2021-06-29;366.00;505.00;72.50;263.00;21.00;7.40;282.00;2.00;0.70;208.00;76.00;26.80
52;2021-06-24-2021-06-30;361.00;528.00;68.40;266.00;20.00;7.00;281.00;5.00;1.70;195.00;90.00;31.60
52;2021-06-25-2021-07-01;344.00;552.00;62.30;251.00;21.00;7.70;267.00;5.00;1.80;169.00;102.00;37.60
52;2021-06-26-2021-07-02;335.00;589.00;56.90;254.00;18.00;6.60;268.00;4.00;1.50;155.00;116.00;42.80
52;2021-06-27-2021-07-03;356.00;640.00;55.60;278.00;16.00;5.40;290.00;4.00;1.40;150.00;144.00;49.00
11;2021-05-31-2021-06-06;4640.00;14878.00;31.20;2747.00;1015.00;27.00;1532.00;4.00;0.30;1661.00;54.00;3.10
11;2021-06-01-2021-06-07;4593.00;13550.00;33.90;2741.00;1013.00;27.00;1713.00;4.00;0.20;1845.00;65.00;3.40
11;2021-06-02-2021-06-08;4440.00;12635.00;35.10;2678.00;982.00;26.80;1815.00;4.00;0.20;1918.00;82.00;4.10
11;2021-06-03-2021-06-09;4262.00;11674.00;36.50;2581.00;950.00;26.90;1882.00;1.00;0.10;1937.00;103.00;5.00
11;2021-06-04-2021-06-10;3941.00;10730.00;36.70;2401.00;882.00;26.90;1955.00;2.00;0.10;1979.00;114.00;5.40
11;2021-06-05-2021-06-11;3627.00;9926.00;36.50;2242.00;811.00;26.60;1924.00;2.00;0.10;1924.00;127.00;6.20
11;2021-06-06-2021-06-12;3542.00;9269.00;38.20;2206.00;779.00;26.10;1912.00;2.00;0.10;1908.00;128.00;6.30
11;2021-06-07-2021-06-13;3489.00;9127.00;38.20;2167.00;772.00;26.30;1893.00;3.00;0.20;1895.00;124.00;6.10
11;2021-06-08-2021-06-14;3050.00;8180.00;37.30;1939.00;653.00;25.20;1707.00;3.00;0.20;1678.00;148.00;8.10
11;2021-06-09-2021-06-15;2784.00;7625.00;36.50;1745.00;595.00;25.40;1571.00;3.00;0.20;1524.00;168.00;9.90
11;2021-06-10-2021-06-16;2574.00;7094.00;36.30;1626.00;527.00;24.50;1524.00;4.00;0.30;1468.00;178.00;10.80
11;2021-06-11-2021-06-17;2458.00;6631.00;37.10;1551.00;484.00;23.80;1484.00;3.00;0.20;1415.00;196.00;12.20
11;2021-06-12-2021-06-18;2259.00;6020.00;37.50;1406.00;435.00;23.60;1445.00;4.00;0.30;1364.00;206.00;13.10
11;2021-06-13-2021-06-19;2140.00;5741.00;37.30;1326.00;421.00;24.10;1409.00;4.00;0.30;1308.00;218.00;14.30
11;2021-06-14-2021-06-20;2118.00;5709.00;37.10;1315.00;415.00;24.00;1405.00;3.00;0.20;1293.00;221.00;14.60
11;2021-06-15-2021-06-21;1921.00;5234.00;36.70;1173.00;371.00;24.00;1310.00;4.00;0.30;1182.00;221.00;15.80
11;2021-06-16-2021-06-22;1773.00;4774.00;37.10;1092.00;309.00;22.10;1217.00;3.00;0.20;1078.00;227.00;17.40
11;2021-06-17-2021-06-23;1720.00;4557.00;37.70;1024.00;306.00;23.00;1150.00;2.00;0.20;1007.00;231.00;18.70
11;2021-06-18-2021-06-24;1628.00;4343.00;37.50;956.00;297.00;23.70;1081.00;4.00;0.40;927.00;234.00;20.20
11;2021-06-19-2021-06-25;1558.00;4263.00;36.50;902.00;286.00;24.10;1028.00;3.00;0.30;849.00;258.00;23.30
11;2021-06-20-2021-06-26;1528.00;4247.00;36.00;882.00;269.00;23.40;1003.00;4.00;0.40;824.00;261.00;24.10
11;2021-06-21-2021-06-27;1529.00;4242.00;36.00;886.00;266.00;23.10;1009.00;4.00;0.40;824.00;268.00;24.50
11;2021-06-22-2021-06-28;1465.00;4208.00;34.80;847.00;252.00;22.90;965.00;4.00;0.40;713.00;333.00;31.80
11;2021-06-23-2021-06-29;1480.00;4385.00;33.80;892.00;241.00;21.30;1010.00;4.00;0.40;678.00;402.00;37.20
11;2021-06-24-2021-06-30;1494.00;4640.00;32.20;936.00;229.00;19.70;1060.00;4.00;0.40;651.00;465.00;41.70
11;2021-06-25-2021-07-01;1614.00;4982.00;32.40;1041.00;224.00;17.70;1164.00;2.00;0.20;630.00;584.00;48.10
11;2021-06-26-2021-07-02;1635.00;5438.00;30.10;1083.00;204.00;15.90;1199.00;2.00;0.20;598.00;644.00;51.90
11;2021-06-27-2021-07-03;1665.00;5709.00;29.20;1128.00;192.00;14.50;1236.00;2.00;0.20;586.00;690.00;54.10
01;2021-05-31-2021-06-06;39.00;243.00;16.00;34.00;2.00;5.60;20.00;0.00;0.00;20.00;0.00;0.00
01;2021-06-01-2021-06-07;37.00;227.00;16.30;33.00;2.00;5.70;21.00;0.00;0.00;21.00;0.00;0.00
01;2021-06-02-2021-06-08;34.00;214.00;15.90;30.00;1.00;3.20;24.00;0.00;0.00;24.00;0.00;0.00
01;2021-06-03-2021-06-09;32.00;202.00;15.80;30.00;1.00;3.20;29.00;0.00;0.00;29.00;0.00;0.00
01;2021-06-04-2021-06-10;32.00;199.00;16.10;30.00;1.00;3.20;29.00;0.00;0.00;29.00;0.00;0.00
01;2021-06-05-2021-06-11;35.00;198.00;17.70;31.00;1.00;3.10;31.00;0.00;0.00;31.00;0.00;0.00
01;2021-06-06-2021-06-12;31.00;191.00;16.20;27.00;1.00;3.60;27.00;0.00;0.00;27.00;0.00;0.00
01;2021-06-07-2021-06-13;27.00;185.00;14.60;24.00;0.00;0.00;23.00;0.00;0.00;23.00;0.00;0.00
01;2021-06-08-2021-06-14;31.00;175.00;17.70;28.00;0.00;0.00;27.00;0.00;0.00;27.00;0.00;0.00
01;2021-06-09-2021-06-15;32.00;151.00;21.20;29.00;0.00;0.00;29.00;0.00;0.00;29.00;0.00;0.00
01;2021-06-10-2021-06-16;29.00;146.00;19.90;26.00;0.00;0.00;26.00;0.00;0.00;26.00;0.00;0.00
01;2021-06-11-2021-06-17;30.00;145.00;20.70;26.00;0.00;0.00;26.00;0.00;0.00;26.00;0.00;0.00
01;2021-06-12-2021-06-18;27.00;137.00;19.70;25.00;0.00;0.00;25.00;0.00;0.00;25.00;0.00;0.00
01;2021-06-13-2021-06-19;28.00;136.00;20.60;26.00;0.00;0.00;26.00;0.00;0.00;26.00;0.00;0.00
01;2021-06-14-2021-06-20;27.00;135.00;20.00;25.00;0.00;0.00;25.00;0.00;0.00;25.00;0.00;0.00
01;2021-06-15-2021-06-21;31.00;127.00;24.40;27.00;0.00;0.00;27.00;0.00;0.00;27.00;0.00;0.00
01;2021-06-16-2021-06-22;35.00;153.00;22.90;31.00;0.00;0.00;31.00;0.00;0.00;31.00;0.00;0.00
01;2021-06-17-2021-06-23;37.00;157.00;23.60;31.00;0.00;0.00;31.00;0.00;0.00;31.00;0.00;0.00
01;2021-06-18-2021-06-24;36.00;174.00;20.70;30.00;1.00;3.20;31.00;0.00;0.00;30.00;1.00;3.20
01;2021-06-19-2021-06-25;36.00;165.00;21.80;29.00;2.00;6.50;31.00;0.00;0.00;30.00;1.00;3.20
01;2021-06-20-2021-06-26;36.00;166.00;21.70;29.00;2.00;6.50;31.00;0.00;0.00;30.00;1.00;3.20
01;2021-06-21-2021-06-27;37.00;166.00;22.30;30.00;2.00;6.20;32.00;0.00;0.00;31.00;1.00;3.10
01;2021-06-22-2021-06-28;34.00;169.00;20.10;29.00;2.00;6.50;31.00;0.00;0.00;30.00;1.00;3.20
01;2021-06-23-2021-06-29;27.00;155.00;17.40;23.00;2.00;8.00;25.00;0.00;0.00;24.00;1.00;4.00
01;2021-06-24-2021-06-30;28.00;155.00;18.10;26.00;2.00;7.10;28.00;0.00;0.00;27.00;1.00;3.60
01;2021-06-25-2021-07-01;28.00;138.00;20.30;27.00;1.00;3.60;28.00;0.00;0.00;28.00;0.00;0.00
01;2021-06-26-2021-07-02;27.00;138.00;19.60;25.00;0.00;0.00;25.00;0.00;0.00;25.00;0.00;0.00
01;2021-06-27-2021-07-03;26.00;134.00;19.40;24.00;0.00;0.00;24.00;0.00;0.00;24.00;0.00;0.00
02;2021-05-31-2021-06-06;19.00;83.00;22.90;19.00;0.00;0.00;2.00;0.00;0.00;2.00;0.00;0.00
02;2021-06-01-2021-06-07;19.00;81.00;23.50;15.00;4.00;21.10;4.00;0.00;0.00;4.00;0.00;0.00
02;2021-06-02-2021-06-08;17.00;83.00;20.50;11.00;4.00;26.70;4.00;0.00;0.00;5.00;0.00;0.00
02;2021-06-03-2021-06-09;18.00;85.00;21.20;11.00;5.00;31.20;4.00;0.00;0.00;5.00;0.00;0.00
02;2021-06-04-2021-06-10;17.00;90.00;18.90;10.00;5.00;33.30;2.00;0.00;0.00;3.00;0.00;0.00
02;2021-06-05-2021-06-11;22.00;98.00;22.40;15.00;5.00;25.00;2.00;0.00;0.00;3.00;0.00;0.00
02;2021-06-06-2021-06-12;22.00;96.00;22.90;15.00;5.00;25.00;2.00;0.00;0.00;3.00;0.00;0.00
02;2021-06-07-2021-06-13;22.00;97.00;22.70;15.00;5.00;25.00;2.00;0.00;0.00;3.00;0.00;0.00
02;2021-06-08-2021-06-14;28.00;107.00;26.20;25.00;1.00;3.80;11.00;0.00;0.00;12.00;0.00;0.00
02;2021-06-09-2021-06-15;36.00;110.00;32.70;33.00;2.00;5.70;21.00;0.00;0.00;21.00;1.00;4.50
02;2021-06-10-2021-06-16;42.00;110.00;38.20;39.00;2.00;4.90;31.00;0.00;0.00;31.00;1.00;3.10
02;2021-06-11-2021-06-17;46.00;112.00;41.10;40.00;2.00;4.80;36.00;0.00;0.00;36.00;1.00;2.70
02;2021-06-12-2021-06-18;51.00;111.00;45.90;41.00;4.00;8.90;45.00;0.00;0.00;45.00;1.00;2.20
02;2021-06-13-2021-06-19;52.00;108.00;48.10;42.00;4.00;8.70;46.00;0.00;0.00;46.00;1.00;2.10
02;2021-06-14-2021-06-20;52.00;107.00;48.60;42.00;4.00;8.70;46.00;0.00;0.00;46.00;1.00;2.10
02;2021-06-15-2021-06-21;58.00;109.00;53.20;44.00;4.00;8.30;48.00;0.00;0.00;48.00;1.00;2.00
02;2021-06-16-2021-06-22;67.00;120.00;55.80;51.00;4.00;7.30;55.00;0.00;0.00;55.00;0.00;0.00
02;2021-06-17-2021-06-23;70.00;131.00;53.40;52.00;4.00;7.10;56.00;0.00;0.00;56.00;0.00;0.00
02;2021-06-18-2021-06-24;79.00;136.00;58.10;61.00;6.00;9.00;67.00;0.00;0.00;67.00;0.00;0.00
02;2021-06-19-2021-06-25;73.00;126.00;57.90;58.00;4.00;6.50;62.00;0.00;0.00;62.00;0.00;0.00
02;2021-06-20-2021-06-26;76.00;132.00;57.60;58.00;5.00;7.90;63.00;0.00;0.00;64.00;0.00;0.00
02;2021-06-21-2021-06-27;77.00;133.00;57.90;58.00;5.00;7.90;63.00;0.00;0.00;64.00;0.00;0.00
02;2021-06-22-2021-06-28;93.00;162.00;57.40;72.00;7.00;8.90;79.00;0.00;0.00;79.00;1.00;1.20
02;2021-06-23-2021-06-29;125.00;211.00;59.20;104.00;6.00;5.50;110.00;0.00;0.00;109.00;2.00;1.80
02;2021-06-24-2021-06-30;165.00;270.00;61.10;141.00;9.00;6.00;150.00;0.00;0.00;149.00;2.00;1.30
02;2021-06-25-2021-07-01;212.00;351.00;60.40;188.00;7.00;3.60;195.00;0.00;0.00;192.00;4.00;2.00
02;2021-06-26-2021-07-02;207.00;413.00;50.10;184.00;7.00;3.70;191.00;0.00;0.00;188.00;4.00;2.10
02;2021-06-27-2021-07-03;203.00;443.00;45.80;183.00;6.00;3.20;189.00;0.00;0.00;185.00;4.00;2.10
03;2021-05-31-2021-06-06;428.00;1089.00;39.30;15.00;379.00;96.20;102.00;0.00;0.00;102.00;0.00;0.00
03;2021-06-01-2021-06-07;367.00;1088.00;33.70;10.00;329.00;97.10;153.00;0.00;0.00;152.00;0.00;0.00
03;2021-06-02-2021-06-08;400.00;1126.00;35.50;10.00;362.00;97.30;245.00;0.00;0.00;243.00;1.00;0.40
03;2021-06-03-2021-06-09;418.00;1176.00;35.50;10.00;375.00;97.40;319.00;0.00;0.00;317.00;1.00;0.30
03;2021-06-04-2021-06-10;345.00;1010.00;34.20;10.00;311.00;96.90;318.00;0.00;0.00;316.00;1.00;0.30
03;2021-06-05-2021-06-11;357.00;1036.00;34.50;16.00;318.00;95.20;332.00;0.00;0.00;329.00;1.00;0.30
03;2021-06-06-2021-06-12;354.00;1071.00;33.10;15.00;315.00;95.50;329.00;0.00;0.00;326.00;1.00;0.30
03;2021-06-07-2021-06-13;354.00;1077.00;32.90;15.00;315.00;95.50;329.00;0.00;0.00;326.00;1.00;0.30
03;2021-06-08-2021-06-14;436.00;1067.00;40.90;21.00;385.00;94.80;405.00;0.00;0.00;402.00;2.00;0.50
03;2021-06-09-2021-06-15;433.00;1048.00;41.30;30.00;370.00;92.50;399.00;0.00;0.00;398.00;1.00;0.30
03;2021-06-10-2021-06-16;411.00;1015.00;40.50;38.00;347.00;90.10;384.00;0.00;0.00;383.00;1.00;0.30
03;2021-06-11-2021-06-17;478.00;1128.00;42.40;39.00;412.00;91.40;451.00;0.00;0.00;450.00;1.00;0.20
03;2021-06-12-2021-06-18;454.00;1078.00;42.10;39.00;386.00;90.80;425.00;0.00;0.00;425.00;1.00;0.20
03;2021-06-13-2021-06-19;436.00;1035.00;42.10;38.00;370.00;90.70;408.00;0.00;0.00;408.00;1.00;0.20
03;2021-06-14-2021-06-20;436.00;1039.00;42.00;38.00;370.00;90.70;408.00;0.00;0.00;408.00;1.00;0.20
03;2021-06-15-2021-06-21;375.00;992.00;37.80;34.00;314.00;90.20;348.00;0.00;0.00;349.00;0.00;0.00
03;2021-06-16-2021-06-22;396.00;976.00;40.60;34.00;336.00;90.80;369.00;0.00;0.00;369.00;0.00;0.00
03;2021-06-17-2021-06-23;382.00;912.00;41.90;32.00;325.00;91.00;356.00;0.00;0.00;356.00;0.00;0.00
03;2021-06-18-2021-06-24;374.00;905.00;41.30;31.00;315.00;91.00;345.00;0.00;0.00;345.00;0.00;0.00
03;2021-06-19-2021-06-25;356.00;890.00;40.00;27.00;299.00;91.70;325.00;0.00;0.00;325.00;0.00;0.00
03;2021-06-20-2021-06-26;352.00;879.00;40.00;27.00;295.00;91.60;321.00;0.00;0.00;321.00;0.00;0.00
03;2021-06-21-2021-06-27;352.00;864.00;40.70;27.00;295.00;91.60;321.00;0.00;0.00;321.00;0.00;0.00
03;2021-06-22-2021-06-28;350.00;791.00;44.20;36.00;289.00;88.90;324.00;0.00;0.00;323.00;1.00;0.30
03;2021-06-23-2021-06-29;281.00;742.00;37.90;26.00;240.00;90.20;266.00;0.00;0.00;264.00;2.00;0.80
03;2021-06-24-2021-06-30;251.00;717.00;35.00;20.00;215.00;91.50;235.00;0.00;0.00;233.00;2.00;0.90
03;2021-06-25-2021-07-01;190.00;686.00;27.70;19.00;160.00;89.40;179.00;0.00;0.00;177.00;2.00;1.10
03;2021-06-26-2021-07-02;150.00;666.00;22.50;15.00;130.00;89.70;145.00;0.00;0.00;143.00;2.00;1.40
03;2021-06-27-2021-07-03;139.00;672.00;20.70;15.00;119.00;88.80;134.00;0.00;0.00;132.00;2.00;1.50
04;2021-05-31-2021-06-06;76.00;1472.00;5.20;2.00;73.00;97.30;64.00;0.00;0.00;65.00;0.00;0.00
04;2021-06-01-2021-06-07;187.00;1497.00;12.50;8.00;178.00;95.70;67.00;0.00;0.00;68.00;0.00;0.00
04;2021-06-02-2021-06-08;276.00;1503.00;18.40;14.00;261.00;94.90;72.00;0.00;0.00;73.00;0.00;0.00
04;2021-06-03-2021-06-09;367.00;1459.00;25.20;17.00;349.00;95.40;79.00;0.00;0.00;79.00;0.00;0.00
04;2021-06-04-2021-06-10;457.00;1404.00;32.50;35.00;421.00;92.30;76.00;0.00;0.00;76.00;0.00;0.00
04;2021-06-05-2021-06-11;555.00;1381.00;40.20;44.00;507.00;92.00;79.00;0.00;0.00;79.00;0.00;0.00
04;2021-06-06-2021-06-12;574.00;1361.00;42.20;44.00;527.00;92.30;76.00;0.00;0.00;76.00;0.00;0.00
04;2021-06-07-2021-06-13;585.00;1338.00;43.70;51.00;531.00;91.20;76.00;0.00;0.00;76.00;0.00;0.00
04;2021-06-08-2021-06-14;593.00;1290.00;46.00;48.00;542.00;91.90;85.00;0.00;0.00;85.00;0.00;0.00
04;2021-06-09-2021-06-15;592.00;1300.00;45.50;45.00;543.00;92.30;84.00;0.00;0.00;84.00;0.00;0.00
04;2021-06-10-2021-06-16;576.00;1291.00;44.60;46.00;526.00;92.00;80.00;0.00;0.00;80.00;0.00;0.00
04;2021-06-11-2021-06-17;577.00;1296.00;44.50;43.00;530.00;92.50;80.00;0.00;0.00;80.00;0.00;0.00
04;2021-06-12-2021-06-18;572.00;1274.00;44.90;48.00;523.00;91.60;73.00;0.00;0.00;73.00;0.00;0.00
04;2021-06-13-2021-06-19;583.00;1274.00;45.80;50.00;532.00;91.40;77.00;0.00;0.00;77.00;0.00;0.00
04;2021-06-14-2021-06-20;570.00;1250.00;45.60;43.00;526.00;92.40;74.00;0.00;0.00;74.00;0.00;0.00
04;2021-06-15-2021-06-21;558.00;1261.00;44.30;47.00;509.00;91.50;60.00;0.00;0.00;60.00;0.00;0.00
04;2021-06-16-2021-06-22;635.00;1251.00;50.80;66.00;560.00;89.50;110.00;0.00;0.00;110.00;0.00;0.00
04;2021-06-17-2021-06-23;713.00;1284.00;55.50;66.00;621.00;90.40;156.00;0.00;0.00;155.00;1.00;0.60
04;2021-06-18-2021-06-24;798.00;1311.00;60.90;54.00;702.00;92.90;247.00;1.00;0.40;246.00;2.00;0.80
04;2021-06-19-2021-06-25;831.00;1335.00;62.20;46.00;723.00;94.00;349.00;1.00;0.30;344.00;6.00;1.70
04;2021-06-20-2021-06-26;832.00;1326.00;62.70;48.00;715.00;93.70;377.00;1.00;0.30;368.00;10.00;2.60
04;2021-06-21-2021-06-27;859.00;1363.00;63.00;48.00;741.00;93.90;404.00;1.00;0.20;395.00;10.00;2.50
04;2021-06-22-2021-06-28;935.00;1365.00;68.50;48.00;798.00;94.30;554.00;1.00;0.20;539.00;16.00;2.90
04;2021-06-23-2021-06-29;925.00;1389.00;66.60;31.00;781.00;96.20;612.00;1.00;0.20;597.00;16.00;2.60
04;2021-06-24-2021-06-30;939.00;1419.00;66.20;28.00;772.00;96.50;670.00;1.00;0.10;656.00;15.00;2.20
04;2021-06-25-2021-07-01;923.00;1426.00;64.70;29.00;741.00;96.20;714.00;0.00;0.00;699.00;15.00;2.10
04;2021-06-26-2021-07-02;928.00;1414.00;65.60;23.00;735.00;97.00;712.00;0.00;0.00;700.00;12.00;1.70
04;2021-06-27-2021-07-03;956.00;1481.00;64.60;20.00;759.00;97.40;734.00;0.00;0.00;725.00;9.00;1.20
06;2021-05-31-2021-06-06;1.00;34.00;2.90;0.00;1.00;100.00;1.00;0.00;0.00;1.00;0.00;0.00
06;2021-06-01-2021-06-07;1.00;38.00;2.60;0.00;1.00;100.00;1.00;0.00;0.00;1.00;0.00;0.00
06;2021-06-02-2021-06-08;0.00;36.00;0.00;0.00;0.00;0.00;0.00;0.00;0.00;0.00;0.00;0.00
06;2021-06-03-2021-06-09;0.00;32.00;0.00;0.00;0.00;0.00;0.00;0.00;0.00;0.00;0.00;0.00
06;2021-06-04-2021-06-10;0.00;35.00;0.00;0.00;0.00;0.00;0.00;0.00;0.00;0.00;0.00;0.00
06;2021-06-05-2021-06-11;0.00;30.00;0.00;0.00;0.00;0.00;0.00;0.00;0.00;0.00;0.00;0.00
06;2021-06-06-2021-06-12;0.00;29.00;0.00;0.00;0.00;0.00;0.00;0.00;0.00;0.00;0.00;0.00
06;2021-06-07-2021-06-13;0.00;31.00;0.00;0.00;0.00;0.00;0.00;0.00;0.00;0.00;0.00;0.00
06;2021-06-08-2021-06-14;0.00;28.00;0.00;0.00;0.00;0.00;0.00;0.00;0.00;0.00;0.00;0.00
06;2021-06-09-2021-06-15;0.00;32.00;0.00;0.00;0.00;0.00;0.00;0.00;0.00;0.00;0.00;0.00
06;2021-06-10-2021-06-16;0.00;29.00;0.00;0.00;0.00;0.00;0.00;0.00;0.00;0.00;0.00;0.00
06;2021-06-11-2021-06-17;0.00;30.00;0.00;0.00;0.00;0.00;0.00;0.00;0.00;0.00;0.00;0.00
06;2021-06-12-2021-06-18;1.00;34.00;2.90;0.00;1.00;100.00;0.00;0.00;0.00;0.00;0.00;0.00
06;2021-06-13-2021-06-19;1.00;34.00;2.90;0.00;1.00;100.00;0.00;0.00;0.00;0.00;0.00;0.00
06;2021-06-14-2021-06-20;1.00;33.00;3.00;0.00;1.00;100.00;0.00;0.00;0.00;0.00;0.00;0.00
06;2021-06-15-2021-06-21;1.00;35.00;2.90;0.00;1.00;100.00;0.00;0.00;0.00;0.00;0.00;0.00
06;2021-06-16-2021-06-22;1.00;31.00;3.20;0.00;1.00;100.00;0.00;0.00;0.00;0.00;0.00;0.00
06;2021-06-17-2021-06-23;1.00;30.00;3.30;0.00;1.00;100.00;0.00;0.00;0.00;0.00;0.00;0.00
06;2021-06-18-2021-06-24;1.00;25.00;4.00;0.00;1.00;100.00;0.00;0.00;0.00;0.00;0.00;0.00
06;2021-06-19-2021-06-25;0.00;22.00;0.00;0.00;0.00;0.00;0.00;0.00;0.00;0.00;0.00;0.00
06;2021-06-20-2021-06-26;0.00;20.00;0.00;0.00;0.00;0.00;0.00;0.00;0.00;0.00;0.00;0.00
06;2021-06-21-2021-06-27;0.00;18.00;0.00;0.00;0.00;0.00;0.00;0.00;0.00;0.00;0.00;0.00
06;2021-06-22-2021-06-28;0.00;17.00;0.00;0.00;0.00;0.00;0.00;0.00;0.00;0.00;0.00;0.00
06;2021-06-23-2021-06-29;0.00;16.00;0.00;0.00;0.00;0.00;0.00;0.00;0.00;0.00;0.00;0.00
06;2021-06-24-2021-06-30;0.00;18.00;0.00;0.00;0.00;0.00;0.00;0.00;0.00;0.00;0.00;0.00
06;2021-06-25-2021-07-01;0.00;18.00;0.00;0.00;0.00;0.00;0.00;0.00;0.00;0.00;0.00;0.00
06;2021-06-26-2021-07-02;0.00;17.00;0.00;0.00;0.00;0.00;0.00;0.00;0.00;0.00;0.00;0.00
06;2021-06-27-2021-07-03;0.00;17.00;0.00;0.00;0.00;0.00;0.00;0.00;0.00;0.00;0.00;0.00
07;2021-05-31-2021-06-06;2.00;6.00;33.30;1.00;0.00;0.00;1.00;0.00;0.00;1.00;0.00;0.00
07;2021-06-01-2021-06-07;2.00;6.00;33.30;2.00;0.00;0.00;2.00;0.00;0.00;2.00;0.00;0.00
07;2021-06-02-2021-06-08;5.00;11.00;45.50;5.00;0.00;0.00;5.00;0.00;0.00;5.00;0.00;0.00
07;2021-06-03-2021-06-09;6.00;11.00;54.50;5.00;0.00;0.00;5.00;0.00;0.00;5.00;0.00;0.00
07;2021-06-04-2021-06-10;6.00;11.00;54.50;5.00;0.00;0.00;5.00;0.00;0.00;5.00;0.00;0.00
07;2021-06-05-2021-06-11;7.00;11.00;63.60;6.00;0.00;0.00;6.00;0.00;0.00;6.00;0.00;0.00
07;2021-06-06-2021-06-12;6.00;10.00;60.00;5.00;0.00;0.00;5.00;0.00;0.00;5.00;0.00;0.00
07;2021-06-07-2021-06-13;6.00;12.00;50.00;5.00;0.00;0.00;5.00;0.00;0.00;5.00;0.00;0.00
07;2021-06-08-2021-06-14;5.00;11.00;45.50;4.00;0.00;0.00;4.00;0.00;0.00;4.00;0.00;0.00
07;2021-06-09-2021-06-15;2.00;6.00;33.30;1.00;0.00;0.00;1.00;0.00;0.00;1.00;0.00;0.00
07;2021-06-10-2021-06-16;1.00;4.00;25.00;1.00;0.00;0.00;1.00;0.00;0.00;1.00;0.00;0.00
07;2021-06-11-2021-06-17;1.00;3.00;33.30;1.00;0.00;0.00;1.00;0.00;0.00;1.00;0.00;0.00
07;2021-06-12-2021-06-18;0.00;3.00;0.00;0.00;0.00;0.00;0.00;0.00;0.00;0.00;0.00;0.00
07;2021-06-13-2021-06-19;0.00;5.00;0.00;0.00;0.00;0.00;0.00;0.00;0.00;0.00;0.00;0.00
07;2021-06-14-2021-06-20;0.00;3.00;0.00;0.00;0.00;0.00;0.00;0.00;0.00;0.00;0.00;0.00
07;2021-06-15-2021-06-21;0.00;3.00;0.00;0.00;0.00;0.00;0.00;0.00;0.00;0.00;0.00;0.00
07;2021-06-16-2021-06-22;0.00;6.00;0.00;0.00;0.00;0.00;0.00;0.00;0.00;0.00;0.00;0.00
07;2021-06-17-2021-06-23;0.00;6.00;0.00;0.00;0.00;0.00;0.00;0.00;0.00;0.00;0.00;0.00
07;2021-06-18-2021-06-24;0.00;6.00;0.00;0.00;0.00;0.00;0.00;0.00;0.00;0.00;0.00;0.00
07;2021-06-19-2021-06-25;0.00;7.00;0.00;0.00;0.00;0.00;0.00;0.00;0.00;0.00;0.00;0.00
07;2021-06-20-2021-06-26;0.00;4.00;0.00;0.00;0.00;0.00;0.00;0.00;0.00;0.00;0.00;0.00
07;2021-06-21-2021-06-27;0.00;4.00;0.00;0.00;0.00;0.00;0.00;0.00;0.00;0.00;0.00;0.00
07;2021-06-22-2021-06-28;0.00;7.00;0.00;0.00;0.00;0.00;0.00;0.00;0.00;0.00;0.00;0.00
07;2021-06-23-2021-06-29;0.00;5.00;0.00;0.00;0.00;0.00;0.00;0.00;0.00;0.00;0.00;0.00
07;2021-06-24-2021-06-30;0.00;6.00;0.00;0.00;0.00;0.00;0.00;0.00;0.00;0.00;0.00;0.00
07;2021-06-25-2021-07-01;0.00;6.00;0.00;0.00;0.00;0.00;0.00;0.00;0.00;0.00;0.00;0.00
07;2021-06-26-2021-07-02;0.00;6.00;0.00;0.00;0.00;0.00;0.00;0.00;0.00;0.00;0.00;0.00
07;2021-06-27-2021-07-03;0.00;6.00;0.00;0.00;0.00;0.00;0.00;0.00;0.00;0.00;0.00;0.00
08;2021-05-31-2021-06-06;14.00;142.00;9.90;13.00;0.00;0.00;9.00;0.00;0.00;9.00;0.00;0.00
08;2021-06-01-2021-06-07;15.00;133.00;11.30;14.00;0.00;0.00;10.00;0.00;0.00;10.00;0.00;0.00
08;2021-06-02-2021-06-08;17.00;130.00;13.10;16.00;0.00;0.00;15.00;0.00;0.00;15.00;0.00;0.00
08;2021-06-03-2021-06-09;17.00;125.00;13.60;16.00;0.00;0.00;16.00;0.00;0.00;16.00;0.00;0.00
08;2021-06-04-2021-06-10;17.00;120.00;14.20;15.00;1.00;6.20;16.00;0.00;0.00;16.00;0.00;0.00
08;2021-06-05-2021-06-11;11.00;110.00;10.00;10.00;1.00;9.10;11.00;0.00;0.00;11.00;0.00;0.00
08;2021-06-06-2021-06-12;10.00;113.00;8.80;9.00;1.00;10.00;10.00;0.00;0.00;10.00;0.00;0.00
08;2021-06-07-2021-06-13;10.00;112.00;8.90;9.00;1.00;10.00;10.00;0.00;0.00;10.00;0.00;0.00
08;2021-06-08-2021-06-14;11.00;95.00;11.60;10.00;1.00;9.10;11.00;0.00;0.00;11.00;0.00;0.00
08;2021-06-09-2021-06-15;7.00;83.00;8.40;6.00;1.00;14.30;7.00;0.00;0.00;7.00;0.00;0.00
08;2021-06-10-2021-06-16;10.00;76.00;13.20;8.00;1.00;11.10;9.00;0.00;0.00;9.00;0.00;0.00
08;2021-06-11-2021-06-17;8.00;68.00;11.80;7.00;0.00;0.00;7.00;0.00;0.00;7.00;0.00;0.00
08;2021-06-12-2021-06-18;9.00;75.00;12.00;8.00;0.00;0.00;8.00;0.00;0.00;8.00;0.00;0.00
08;2021-06-13-2021-06-19;9.00;70.00;12.90;8.00;0.00;0.00;8.00;0.00;0.00;8.00;0.00;0.00
08;2021-06-14-2021-06-20;9.00;69.00;13.00;8.00;0.00;0.00;8.00;0.00;0.00;8.00;0.00;0.00
08;2021-06-15-2021-06-21;7.00;72.00;9.70;6.00;0.00;0.00;6.00;0.00;0.00;6.00;0.00;0.00
08;2021-06-16-2021-06-22;7.00;62.00;11.30;6.00;0.00;0.00;6.00;0.00;0.00;5.00;1.00;16.70
08;2021-06-17-2021-06-23;2.00;57.00;3.50;2.00;0.00;0.00;2.00;0.00;0.00;1.00;1.00;50.00
08;2021-06-18-2021-06-24;2.00;55.00;3.60;2.00;0.00;0.00;2.00;0.00;0.00;1.00;1.00;50.00
08;2021-06-19-2021-06-25;4.00;53.00;7.50;3.00;1.00;25.00;4.00;0.00;0.00;3.00;1.00;25.00
08;2021-06-20-2021-06-26;5.00;51.00;9.80;4.00;1.00;20.00;5.00;0.00;0.00;3.00;2.00;40.00
08;2021-06-21-2021-06-27;5.00;52.00;9.60;4.00;1.00;20.00;5.00;0.00;0.00;3.00;2.00;40.00
08;2021-06-22-2021-06-28;5.00;43.00;11.60;4.00;1.00;20.00;5.00;0.00;0.00;3.00;2.00;40.00
08;2021-06-23-2021-06-29;13.00;51.00;25.50;12.00;1.00;7.70;13.00;0.00;0.00;12.00;1.00;7.70
08;2021-06-24-2021-06-30;13.00;60.00;21.70;12.00;1.00;7.70;13.00;0.00;0.00;12.00;1.00;7.70
08;2021-06-25-2021-07-01;13.00;62.00;21.00;12.00;1.00;7.70;13.00;0.00;0.00;12.00;1.00;7.70
08;2021-06-26-2021-07-02;11.00;61.00;18.00;11.00;0.00;0.00;11.00;0.00;0.00;9.00;2.00;18.20
08;2021-06-27-2021-07-03;10.00;62.00;16.10;10.00;0.00;0.00;10.00;0.00;0.00;9.00;1.00;10.00
